{"regist_target_img_scalef": 0.099841915, "tissue_hires_scalef": 0.03328064, "tissue_lowres_scalef": 0.0099841915, "fiducial_diameter_fullres": 383.54135251892126, "spot_diameter_fullres": 219.1664871536693}